需求ID	招聘HR	城市	一级部门	岗位	序列	需求类型	启动招聘时间	入职时间	预计离职时间	姓名	毕业年级	学历	学校	是否GPT院校	简历推荐人	渠道	薪资	房补	offer状态	拒绝原因分类
REQ-0001	HR样例甲	上海	示例事业部	数据分析实习生	数据	替补替换未拆分	2026-01-01	2026-01-15			2027	硕士	合成大学	是	内推	Boss	3500		已入职	
REQ-0002	HR样例乙	广州	示例研发中心	前端开发实习生	技术	新增招聘	2026-02-02	2026-02-16			2028	本科	示例理工大学	否	样例推荐人	实习僧	3800		已入职	
REQ-0003	HR样例甲	杭州	示例事业部	产品运营实习生	产品	新增招聘	2026-03-03	2026-03-17			2027	本科	样例师范大学	否	内推	内推	4100		已入职	
REQ-0004	HR样例乙	上海	示例研发中心	数据分析实习生	数据	新增招聘	2026-04-04	2026-04-18			2028	硕士	合成大学	否	样例推荐人	Boss	4400		已入职	
REQ-0005	HR样例甲	广州	示例事业部	前端开发实习生	技术	新增招聘	2026-05-05	2026-05-19			2027	本科	示例理工大学	是	内推	实习僧	4700		已入职	
REQ-0006	HR样例乙	杭州	示例研发中心	产品运营实习生	产品	新增招聘	2026-06-06	2026-06-20			2028	本科	样例师范大学	否	样例推荐人	内推	5000		已入职	
REQ-0007	HR样例甲	上海	示例事业部	数据分析实习生	数据	新增招聘	2026-01-07	2026-01-21			2027	硕士	合成大学	否	内推	Boss	3500		已入职	
REQ-0008	HR样例乙	广州	示例研发中心	前端开发实习生	技术	替补替换未拆分	2026-02-08	2026-02-22			2028	本科	示例理工大学	否	样例推荐人	实习僧	3800		已入职	
REQ-0009	HR样例甲	杭州	示例事业部	产品运营实习生	产品	新增招聘	2026-03-09	2026-03-23			2027	本科	样例师范大学	是	内推	内推	4100		已入职	
REQ-0010	HR样例乙	上海	示例研发中心	数据分析实习生	数据	新增招聘	2026-04-10	2026-04-24			2028	硕士	合成大学	否	样例推荐人	Boss	4400		已入职	
REQ-0011	HR样例甲	广州	示例事业部	前端开发实习生	技术	新增招聘	2026-05-11	2026-05-25			2027	本科	示例理工大学	否	内推	实习僧	4700		已入职	
REQ-0012	HR样例乙	杭州	示例研发中心	产品运营实习生	产品	新增招聘	2026-06-12	2026-06-26			2028	本科	样例师范大学	否	样例推荐人	内推	5000		已入职	
REQ-0013	HR样例甲	上海	示例事业部	数据分析实习生	数据	新增招聘	2026-01-13	2026-01-27			2027	硕士	合成大学	是	内推	Boss	3500		已入职	
REQ-0014	HR样例乙	广州	示例研发中心	前端开发实习生	技术	新增招聘	2026-02-14	2026-02-01			2028	本科	示例理工大学	否	样例推荐人	实习僧	3800		已入职	
REQ-0015	HR样例甲	杭州	示例事业部	产品运营实习生	产品	替补替换未拆分	2026-03-15	2026-03-02			2027	本科	样例师范大学	否	内推	内推	4100		已入职	
REQ-0016	HR样例乙	上海	示例研发中心	数据分析实习生	数据	新增招聘	2026-04-16	2026-04-03			2028	硕士	合成大学	否	样例推荐人	Boss	4400		已入职	
REQ-0017	HR样例甲	广州	示例事业部	前端开发实习生	技术	新增招聘	2026-05-17	2026-05-04			2027	本科	示例理工大学	是	内推	实习僧	4700		已入职	
REQ-0018	HR样例乙	杭州	示例研发中心	产品运营实习生	产品	新增招聘	2026-06-18	2026-06-05			2028	本科	样例师范大学	否	样例推荐人	内推	5000		已入职	
REQ-0019	HR样例甲	上海	示例事业部	数据分析实习生	数据	新增招聘	2026-01-19	2026-01-06			2027	硕士	合成大学	否	内推	Boss	3500		已入职	
REQ-0020	HR样例乙	广州	示例研发中心	前端开发实习生	技术	新增招聘	2026-02-20	2026-02-07			2028	本科	示例理工大学	否	样例推荐人	实习僧	3800		已入职	
REQ-0021	HR样例甲	杭州	示例事业部	产品运营实习生	产品	新增招聘	2026-03-21	2026-03-08			2027	本科	样例师范大学	是	内推	内推	4100		已入职	
REQ-0022	HR样例乙	上海	示例研发中心	数据分析实习生	数据	替补替换未拆分	2026-04-22	2026-04-09			2028	硕士	合成大学	否	样例推荐人	Boss	4400		已入职	
REQ-0023	HR样例甲	广州	示例事业部	前端开发实习生	技术	新增招聘	2026-05-23	2026-05-10			2027	本科	示例理工大学	否	内推	实习僧	4700		已入职	
REQ-0024	HR样例乙	杭州	示例研发中心	产品运营实习生	产品	新增招聘	2026-06-24	2026-06-11			2028	本科	样例师范大学	否	样例推荐人	内推	5000		已入职	
REQ-0025	HR样例甲	上海	示例事业部	数据分析实习生	数据	新增招聘	2026-01-25	2026-01-12			2027	硕士	合成大学	是	内推	Boss	3500		已入职	
REQ-0026	HR样例乙	广州	示例研发中心	前端开发实习生	技术	新增招聘	2026-02-26	2026-02-13			2028	本科	示例理工大学	否	样例推荐人	实习僧	3800		已入职	
REQ-0027	HR样例甲	杭州	示例事业部	产品运营实习生	产品	新增招聘	2026-03-27	2026-03-14			2027	本科	样例师范大学	否	内推	内推	4100		待入职	
REQ-0028	HR样例乙	上海	示例研发中心	数据分析实习生	数据	新增招聘	2026-04-01	2026-04-15			2028	硕士	合成大学	否	样例推荐人	Boss	4400		待入职	
REQ-0029	HR样例甲	广州	示例事业部	前端开发实习生	技术	替补替换未拆分	2026-05-02	2026-05-16			2027	本科	示例理工大学	是	内推	实习僧	4700		待入职	
REQ-0030	HR样例乙	杭州	示例研发中心	产品运营实习生	产品	新增招聘	2026-06-03	2026-06-17			2028	本科	样例师范大学	否	样例推荐人	内推	5000		待入职	
REQ-0031	HR样例甲	上海	示例事业部	数据分析实习生	数据	新增招聘	2026-01-04				2027	硕士	合成大学	否	内推	Boss	3500		offer审批中	
REQ-0032	HR样例乙	广州	示例研发中心	前端开发实习生	技术	新增招聘	2026-02-05				2028	本科	示例理工大学	否	样例推荐人	实习僧	3800		offer审批中	
REQ-0033	HR样例甲	杭州	示例事业部	产品运营实习生	产品	新增招聘	2026-03-06				2027	本科	样例师范大学	是	内推	内推	4100		offer审批中	
REQ-0034	HR样例乙	上海	示例研发中心	数据分析实习生	数据	新增招聘	2026-04-07				2028	硕士	合成大学	否	样例推荐人	Boss	4400		offer审批中	
REQ-0035	HR样例甲	广州	示例事业部	前端开发实习生	技术	新增招聘	2026-05-08				2027	本科	示例理工大学	否	内推	实习僧	4700		offer审批中	
REQ-0036	HR样例乙	杭州	示例研发中心	产品运营实习生	产品	替补替换未拆分	2026-06-09				2028	本科	样例师范大学	否	样例推荐人	内推	5000		offer审批中	
REQ-0037	HR样例甲	上海	示例事业部	数据分析实习生	数据	新增招聘	2026-01-10				2027	硕士	合成大学	是	内推	Boss	3500		offer审批中	
REQ-0038	HR样例乙	广州	示例研发中心	前端开发实习生	技术	新增招聘	2026-02-11				2028	本科	示例理工大学	否	样例推荐人	实习僧	3800		offer审批中	
REQ-0039	HR样例甲	杭州	示例事业部	产品运营实习生	产品	新增招聘	2026-03-12				2027	本科	样例师范大学	否	内推	内推	4100		offer审批中	
REQ-0040	HR样例乙	上海	示例研发中心	数据分析实习生	数据	新增招聘	2026-04-13				2028	硕士	合成大学	否	样例推荐人	Boss	4400		拒绝offer	
REQ-0041	HR样例甲	广州	示例事业部	前端开发实习生	技术	新增招聘	2026-05-14				2027	本科	示例理工大学	是	内推	实习僧	4700		拒绝offer	薪酬
REQ-0042	HR样例乙	杭州	示例研发中心	产品运营实习生	产品	新增招聘	2026-06-15				2028	本科	样例师范大学	否	样例推荐人	内推	5000		拒绝offer	地点
REQ-0043	HR样例甲	上海	示例事业部	数据分析实习生	数据	替补替换未拆分	2026-01-16				2027	硕士	合成大学	否	内推	Boss	3500		拒绝offer	实习时间
REQ-0044	HR样例乙	广州	示例研发中心	前端开发实习生	技术	新增招聘	2026-02-17				2028	本科	示例理工大学	否	样例推荐人	实习僧	3800		拒绝offer	住房/住宿
REQ-0045	HR样例甲	杭州	示例事业部	产品运营实习生	产品	新增招聘	2026-03-18				2027	本科	样例师范大学	是	内推	内推	4100		拒绝offer	
REQ-0046	HR样例乙	上海	示例研发中心	数据分析实习生	数据	新增招聘	2026-04-19				2028	硕士	合成大学	否	样例推荐人	Boss	4400		拒绝口头offer	
REQ-0047	HR样例甲	广州	示例事业部	前端开发实习生	技术	新增招聘	2026-05-20				2027	本科	示例理工大学	否	内推	实习僧	4700		拒绝口头offer	薪酬太低所以去了别家
REQ-0048	HR样例乙	杭州	示例研发中心	产品运营实习生	产品	新增招聘	2026-06-21				2028	本科	样例师范大学	否	样例推荐人	内推	5000		拒绝口头offer	
REQ-0049	HR样例甲	上海	示例事业部	数据分析实习生	数据	新增招聘	2026-01-22				2027	硕士	合成大学	是	内推	Boss	3500		其他	
REQ-0050	HR样例乙	广州	示例研发中心	前端开发实习生	技术	替补替换未拆分	2026-02-23				2028	本科	示例理工大学	否	样例推荐人	实习僧	3800		未知	
